-- MySQL dump 10.13  Distrib 5.7.32, for Linux (x86_64)
--
-- Host: localhost    Database: waitingfor
-- ------------------------------------------------------
-- Server version	5.7.32-0ubuntu0.18.04.1

/*!40101 SET @OLD_CHARACTER_SET_CLIENT=@@CHARACTER_SET_CLIENT */;
/*!40101 SET @OLD_CHARACTER_SET_RESULTS=@@CHARACTER_SET_RESULTS */;
/*!40101 SET @OLD_COLLATION_CONNECTION=@@COLLATION_CONNECTION */;
/*!40101 SET NAMES utf8 */;
/*!40103 SET @OLD_TIME_ZONE=@@TIME_ZONE */;
/*!40103 SET TIME_ZONE='+00:00' */;
/*!40014 SET @OLD_UNIQUE_CHECKS=@@UNIQUE_CHECKS, UNIQUE_CHECKS=0 */;
/*!40014 SET @OLD_FOREIGN_KEY_CHECKS=@@FOREIGN_KEY_CHECKS, FOREIGN_KEY_CHECKS=0 */;
/*!40101 SET @OLD_SQL_MODE=@@SQL_MODE, SQL_MODE='NO_AUTO_VALUE_ON_ZERO' */;
/*!40111 SET @OLD_SQL_NOTES=@@SQL_NOTES, SQL_NOTES=0 */;

--
-- Table structure for table `produto`
--

DROP TABLE IF EXISTS `produto`;
/*!40101 SET @saved_cs_client     = @@character_set_client */;
/*!40101 SET character_set_client = utf8 */;
CREATE TABLE `produto` (
  `id` int(11) NOT NULL AUTO_INCREMENT,
  `link` text,
  `dominio` text,
  `vl_produto` decimal(10,2) DEFAULT NULL,
  `vl_informardesconto_apartir` decimal(10,2) DEFAULT NULL,
  `bo_email_desconto` tinyint(1) DEFAULT NULL,
  `bo_email_disponibilidade` tinyint(1) DEFAULT NULL,
  `bo_disponibilidade` tinyint(1) DEFAULT NULL,
  `bo_eviadoemail_disponibilidade` tinyint(1) DEFAULT NULL,
  `bo_ativo` tinyint(1) DEFAULT NULL,
  `vl_com_desconto` decimal(10,2) DEFAULT NULL,
  `id_user` int(11) DEFAULT NULL,
  `created_at` timestamp NULL DEFAULT NULL,
  `updated_at` timestamp NULL DEFAULT NULL,
  PRIMARY KEY (`id`),
  KEY `fk_produto_usuario2` (`id_user`),
  CONSTRAINT `fk_produto_usuario2` FOREIGN KEY (`id_user`) REFERENCES `usuario` (`id`)
) ENGINE=InnoDB AUTO_INCREMENT=20 DEFAULT CHARSET=latin1;
/*!40101 SET character_set_client = @saved_cs_client */;

--
-- Dumping data for table `produto`
--

LOCK TABLES `produto` WRITE;
/*!40000 ALTER TABLE `produto` DISABLE KEYS */;
INSERT INTO `produto` VALUES (1,'https://www.kabum.com.br/produto/58472/memoria-hyperx-impact-8gb-1600mhz-ddr3-notebook-cl9-preto-hx316ls9ib-8','kabum',319.90,450.00,1,1,1,1,1,450.00,1,NULL,NULL),(2,'https://www.kabum.com.br/produto/110908/mem-ria-corsair-value-select-para-notebook-16gb-2x8gb-1600mhz-ddr3-c11-cmso16gx3m2c1600c11','kabum',564.90,450.00,1,1,1,1,1,450.00,1,NULL,NULL),(3,'https://www.kabum.com.br/produto/110920?utm_source=NEWSLETTER&utm_medium=sfmc&utm_campaign=avise_disp_semid_reg','kabum',564.90,450.00,1,1,1,1,1,450.00,1,NULL,NULL),(5,'https://www.kabum.com.br/produto/115005/headphone-bluetooth-philips-tauh202bk-00','kabum',145.94,140.00,1,1,1,1,1,450.00,1,NULL,NULL),(8,'https://www.magazineluiza.com.br/smart-tv-crystal-uhd-4k-led-65-samsung-65tu8000-wi-fi-bluetooth-hdr-3-hdmi-2-usb/p/225605900/et/elit/','magazineluiza',3499.00,3499.00,1,1,1,1,1,450.00,1,NULL,NULL),(9,'https://www.amazon.com.br/dp/B076HSFFD6/?coliid=I3H4NTQDDDPB5H&colid=J687KQO0YC0T&psc=1&ref_=lv_ov_lig_dp_it','amazon',962.64,962.64,1,1,1,1,1,450.00,1,NULL,NULL),(10,'https://www.amazon.com.br/dp/B07JWJVLNS/?coliid=I1F0P0FOYINPL9&colid=J687KQO0YC0T&psc=1&ref_=lv_ov_lig_dp_it_im','amazon',179.88,179.88,1,1,1,1,1,450.00,1,NULL,NULL),(11,'https://store.sony.com.br/wh-ch710n/p?idsku=3314&utm_source=googleshopping&utm_campaign=google&utm_medium=cpc&cid=sem-la-58558&gclid=Cj0KCQiAwf39BRCCARIsALXWETzIyYREfz7RVaP_00Nc7WG8iVdA3QRnR6CQXH64RQg6DqApCFZDmrgaAgRaEALw_wcB','sony',629.99,629.99,1,1,1,1,1,450.00,1,NULL,NULL),(15,'https://www.centralar.com.br/p/ar-condicionado-split-hw-dual-inverter-voice-lg-12000-btus-frio-220v-monofasico-s4nq12ja31ceb2gamz','centralar',1994.05,1994.05,1,1,1,1,1,450.00,1,NULL,NULL),(16,'https://www.amazon.com.br/Ouvido-Philips-Wireless-Tauh202Bk-Preto/dp/B07YNG2L67','amazon',149.99,149.99,1,1,1,1,1,450.00,1,NULL,NULL);
/*!40000 ALTER TABLE `produto` ENABLE KEYS */;
UNLOCK TABLES;

--
-- Table structure for table `usuario`
--

DROP TABLE IF EXISTS `usuario`;
/*!40101 SET @saved_cs_client     = @@character_set_client */;
/*!40101 SET character_set_client = utf8 */;
CREATE TABLE `usuario` (
  `id` int(11) NOT NULL AUTO_INCREMENT,
  `nome` text,
  `email` text,
  `usuario` text,
  `password` text,
  `created_at` timestamp NULL DEFAULT NULL,
  `updated_at` timestamp NULL DEFAULT NULL,
  `bo_ativo` tinyint(1) DEFAULT '1',
  `img` text,
  PRIMARY KEY (`id`)
) ENGINE=InnoDB AUTO_INCREMENT=26 DEFAULT CHARSET=utf8;
/*!40101 SET character_set_client = @saved_cs_client */;

--
-- Dumping data for table `usuario`
--

LOCK TABLES `usuario` WRITE;
/*!40000 ALTER TABLE `usuario` DISABLE KEYS */;
INSERT INTO `usuario` VALUES (1,'Kleber de souza','kleber107@gmail.com','kleber107@gmail.com','$2y$10$bdTPcozwxtbAoPdvBFWWie1jTpT4SHiLElT2X7vLL6/FxqivFsnZW',NULL,NULL,1,NULL),(3,'Novo usuario 2','novousuario107@gmail.com',NULL,'$2y$10$QDh6g91lyZ6RTEnD6LFvne.A6DMuRH9X9/16pC1V1NvS5sbidxYay','2020-11-01 04:33:40','2020-11-01 04:33:40',1,NULL),(4,'Anna Carla Ferreira Zenha','annazenha@gmail.com',NULL,'$2y$10$ZO8.X31Qj/un/IOIclMOje1zBLYs7WvTVtYqx6Hb6WaqKKSJbkDYO','2020-11-03 18:01:06','2020-11-03 18:01:06',1,NULL),(5,'João Ricardo Ferreira Zenha','jhonezenha7@gmail.com',NULL,'$2y$10$wGbBu43w6yFtjCF7OUY//.H4PpUOESGj2oHlKaIhJY0Z9/IHd3T6m','2020-11-05 23:04:14','2020-11-05 23:04:14',1,NULL),(6,'anna carla ferreira zenha','email@email.com',NULL,'$2y$10$rZjC0Fz/XeIUpkv2NXn8I.7HBplPl8Y7OTUJqV6rsykVx9qMeGiMW','2020-11-19 18:30:52','2020-11-19 18:30:52',1,NULL),(7,'Amanda Silva','amandasilva@gmail.com',NULL,'$2y$10$tpEBjAxz0DsqiftP1LXGxOSRgT8v0sNXUXOHMRLCvrDnmDFZ2baAa','2020-11-19 18:40:10','2020-11-19 18:40:10',1,NULL),(8,'Amanda Silva','amandasilva@email.com',NULL,'$2y$10$WGbPA24QjonInTM0p0CsUOO7BsvwrqATtChEHo2mOGpZBYHayoBoe','2020-11-19 18:43:53','2020-11-19 18:43:53',1,NULL),(9,'Murilo Lopes','mloopes11@gmail.com',NULL,'$2y$10$KS5ZpUVnJiwyrSsaeYuQS.lvKHUGP.qdh/FHXsIhQGAfY1CSm3iiC','2020-11-20 15:08:57','2020-11-20 15:08:57',1,NULL),(10,'Isabella Rodrigues de Melo','isabellamelo6@hotmail.com',NULL,'$2y$10$2dWP4SPLgXMgQ6TYk.zHEO9dQgbK.w/RWjHgIwBrab85t/r2FIr7m','2020-11-20 15:24:38','2020-11-20 15:24:38',1,NULL),(11,'Pedro Henrique Gonçalves de Moura','pedrohenrique2018out@gmail.com',NULL,'$2y$10$6UN6NFt82U4WjmYrg6YSOuLUBZyq5eHr0lRwF0RyxIt1ClrAOEb6m','2020-11-20 15:25:03','2020-11-20 15:25:03',1,NULL),(12,'Marco Maia','marm51@hotmail.com',NULL,'$2y$10$6SJUXhl7J82GJrp..m.7wOsdmamSUfU5vdfaAKrneDcLsGYOI1goy','2020-11-20 15:25:04','2020-11-20 15:25:04',1,NULL),(13,'Jhonata Brabo Braga','Jhonn.braga01@hotmail.com',NULL,'$2y$10$OhF9qa8dDKiJHuAUpEQ6fu2enD5WTnthHV6E9qm4OuLSFAKcx.1pG','2020-11-20 15:27:01','2020-11-20 15:27:01',1,NULL),(14,'Augusto gomes Pinheiro','augustogcontato@gmail.com.br',NULL,'$2y$10$Cs.tjlVoZnXJPAfCTyIxHOpK9C.fTIqHFr4VFVYFaAfMmwF0whMte','2020-11-20 15:33:07','2020-11-20 15:33:07',1,NULL),(15,'Andson Teles','andson_teles@hotmail.com',NULL,'$2y$10$nN2IyF0E3N6waiVAcrtBEe3nWG8qqjXU2fSMjJ9uuTeYP6GVQrpu.','2020-11-20 15:36:02','2020-11-20 15:36:02',1,NULL),(16,'Gabriel Barreiros de Pinho','gabrielpinho08@hotmail.com',NULL,'$2y$10$lXFAj38YsyiuGwmEo5qOQOQ5LiVEsmCjQlUjvdnPwLjbQpuq3PTb.','2020-11-20 15:38:10','2020-11-20 15:38:10',1,NULL),(17,'Henrique Bueno FONSECA','henriquebueno896@gmail.com',NULL,'$2y$10$yWy6yywKguaryDHTUonf3.iL6bEuRKduFzBXa71V4oOpPT1e4RyqS','2020-11-20 15:41:18','2020-11-20 15:41:18',1,NULL),(18,'Máiron Dangui Pinto','Mairon_agro@hotmail.com',NULL,'$2y$10$QRF8UnY0FLYUse18hbBxaePk1vB8wkpiw9ezc0P1prxcFdeqChmWq','2020-11-20 16:13:39','2020-11-20 16:13:39',1,NULL),(19,'Eduardo Lima Nolasco','prof.eduardo.nolasco@gmail.com',NULL,'$2y$10$cY7PHtPh6pHHb7C5p/szKuhJpSv4t8Nxb23CxZ1SQ/ydXMu4WxdvG','2020-11-20 16:33:43','2020-11-20 16:33:43',1,NULL),(20,'Júlia Freitas','jfdgjulia@hotmail.com',NULL,'$2y$10$bWY5EKCn4EabQl3Kv8dTUu.jE.SpQcR7UHZblNXZQPAHZCVuzzaRW','2020-11-20 16:45:09','2020-11-20 16:45:09',1,NULL),(21,'João Paulo Oliveira Moura','jpoliverm@gmail.com',NULL,'$2y$10$P0P90gWNMImBsPQCi.cBLe07DJgG9guTIUFSEjjrX26a9mFJYD/Za','2020-11-20 16:46:25','2020-11-20 16:46:25',1,NULL),(22,'TON JEFERSON','tonjeferson@hotmail.com',NULL,'$2y$10$4WAItoRSi4D9q1JsQdnaKOuw.1zuRC/545Bn27lsFYVQk1mCLthJe','2020-11-20 18:30:05','2020-11-20 18:30:05',1,NULL),(23,'Tarcila','capodaglio.tarcila@gmail.com',NULL,'$2y$10$BT2hXlWKkdYZoyda3mS4wuQf1t0mjVk0jdmJWwryk7m2OEv4fq4kO','2020-11-20 18:44:46','2020-11-20 18:44:46',1,NULL),(24,'CAMILA HERMETO','cahermeto@gmail.com',NULL,'$2y$10$jyKLAcyW42dG6PXfCPYSautm/BuerSJ80xr5nNe4kQ2SRMCu9110q','2020-11-20 19:14:58','2020-11-20 19:14:58',1,NULL),(25,'Lucas Silva','topperson@yahoo.com',NULL,'$2y$10$T7RrsWRF1rkusKGvkNoVPuCt9peS8J1BauAokdP/se1/4pKjwAbNq','2020-11-20 22:23:56','2020-11-20 22:23:56',1,NULL);
/*!40000 ALTER TABLE `usuario` ENABLE KEYS */;
UNLOCK TABLES;

--
-- Table structure for table `usuario_log`
--

DROP TABLE IF EXISTS `usuario_log`;
/*!40101 SET @saved_cs_client     = @@character_set_client */;
/*!40101 SET character_set_client = utf8 */;
CREATE TABLE `usuario_log` (
  `id` int(11) NOT NULL AUTO_INCREMENT,
  `display_resolution` text,
  `os` text,
  `language` text,
  `device` text,
  `browser` text,
  `ip` text,
  `user_agent` text,
  `id_user` int(11) DEFAULT NULL,
  `created_at` timestamp NULL DEFAULT NULL,
  `updated_at` timestamp NULL DEFAULT NULL,
  PRIMARY KEY (`id`),
  KEY `fk_customerslog_usuario2` (`id_user`),
  CONSTRAINT `fk_customerslog_usuario2` FOREIGN KEY (`id_user`) REFERENCES `usuario` (`id`)
) ENGINE=InnoDB AUTO_INCREMENT=108 DEFAULT CHARSET=latin1;
/*!40101 SET character_set_client = @saved_cs_client */;

--
-- Dumping data for table `usuario_log`
--

LOCK TABLES `usuario_log` WRITE;
/*!40000 ALTER TABLE `usuario_log` DISABLE KEYS */;
INSERT INTO `usuario_log` VALUES (1,'1920 x 1080','Linux x86_64','en-US','Linux','Firefox','45.167.30.252','Mozilla/5.0 (X11; Ubuntu; Linux x86_64; rv:83.0) Gecko/20100101 Firefox/83.0',8,'2020-11-20 14:55:48','2020-11-20 14:55:48'),(2,'1920 x 1080','Linux x86_64','en-US','Linux','Firefox','45.167.30.252','Mozilla/5.0 (X11; Ubuntu; Linux x86_64; rv:83.0) Gecko/20100101 Firefox/83.0',8,'2020-11-20 14:56:58','2020-11-20 14:56:58'),(3,'1920 x 1080','Linux x86_64','en-US','Linux','Firefox','45.167.30.252','Mozilla/5.0 (X11; Ubuntu; Linux x86_64; rv:83.0) Gecko/20100101 Firefox/83.0',1,'2020-11-20 14:57:09','2020-11-20 14:57:09'),(4,'1920 x 1080','Linux x86_64','en-US','Linux','Firefox','45.167.30.252','Mozilla/5.0 (X11; Ubuntu; Linux x86_64; rv:83.0) Gecko/20100101 Firefox/83.0',1,'2020-11-20 15:06:31','2020-11-20 15:06:31'),(5,'1920 x 1080','Linux x86_64','en-US','Linux','Firefox','45.167.30.252','Mozilla/5.0 (X11; Ubuntu; Linux x86_64; rv:83.0) Gecko/20100101 Firefox/83.0',1,'2020-11-20 15:06:43','2020-11-20 15:06:43'),(6,'1600 x 900','Linux x86_64','pt','Linux','Chrome','45.167.30.252','Mozilla/5.0 (X11; Linux x86_64) AppleWebKit/537.36 (KHTML, like Gecko) Chrome/86.0.4240.198 Safari/537.36',9,'2020-11-20 15:08:59','2020-11-20 15:08:59'),(7,'1920 x 1080','Linux x86_64','en-US','Linux','Firefox','45.167.30.252','Mozilla/5.0 (X11; Ubuntu; Linux x86_64; rv:83.0) Gecko/20100101 Firefox/83.0',1,'2020-11-20 15:09:13','2020-11-20 15:09:13'),(8,'1920 x 1080','Linux x86_64','en-US','Linux','Firefox','45.167.30.252','Mozilla/5.0 (X11; Ubuntu; Linux x86_64; rv:83.0) Gecko/20100101 Firefox/83.0',1,'2020-11-20 15:16:29','2020-11-20 15:16:29'),(9,'1920 x 1080','Linux x86_64','en-US','Linux','Firefox','45.167.30.252','Mozilla/5.0 (X11; Ubuntu; Linux x86_64; rv:83.0) Gecko/20100101 Firefox/83.0',1,'2020-11-20 15:21:47','2020-11-20 15:21:47'),(10,'414 x 896','iPhone','pt-br','iPhone','Safari','191.54.31.2','Mozilla/5.0 (iPhone; CPU iPhone OS 14_1 like Mac OS X) AppleWebKit/605.1.15 (KHTML, like Gecko) Version/14.0 Mobile/15E148 Safari/604.1',10,'2020-11-20 15:24:39','2020-11-20 15:24:39'),(11,'414 x 896','iPhone','pt-br','iPhone','Safari','191.54.31.2','Mozilla/5.0 (iPhone; CPU iPhone OS 14_1 like Mac OS X) AppleWebKit/605.1.15 (KHTML, like Gecko) Version/14.0 Mobile/15E148 Safari/604.1',11,'2020-11-20 15:25:04','2020-11-20 15:25:04'),(12,'414 x 896','iPhone','pt-br','iPhone','Safari','191.54.31.2','Mozilla/5.0 (iPhone; CPU iPhone OS 14_1 like Mac OS X) AppleWebKit/605.1.15 (KHTML, like Gecko) Version/14.0 Mobile/15E148 Safari/604.1',10,'2020-11-20 15:25:05','2020-11-20 15:25:05'),(13,'412 x 846','Linux armv8l','pt-BR','Android','Chrome','179.183.191.99','Mozilla/5.0 (Linux; Android 9; SAMSUNG SM-N950F) AppleWebKit/537.36 (KHTML, like Gecko) SamsungBrowser/13.0 Chrome/83.0.4103.106 Mobile Safari/537.36',12,'2020-11-20 15:25:06','2020-11-20 15:25:06'),(14,'414 x 896','iPhone','pt-br','iPhone','Safari','191.54.31.2','Mozilla/5.0 (iPhone; CPU iPhone OS 14_1 like Mac OS X) AppleWebKit/605.1.15 (KHTML, like Gecko) Version/14.0 Mobile/15E148 Safari/604.1',11,'2020-11-20 15:25:23','2020-11-20 15:25:23'),(15,'412 x 846','Linux armv8l','en-US','Android','Chrome','177.98.219.6','Mozilla/5.0 (Linux; Android 9; SM-A605GN) AppleWebKit/537.36 (KHTML, like Gecko) Chrome/86.0.4240.198 Mobile Safari/537.36',13,'2020-11-20 15:27:03','2020-11-20 15:27:03'),(16,'424 x 753','Linux armv7l','pt-BR','Android','Chrome','187.44.220.98','Mozilla/5.0 (Linux; Android 7.0; LG-M320) AppleWebKit/537.36 (KHTML, like Gecko) Chrome/86.0.4240.198 Mobile Safari/537.36',14,'2020-11-20 15:33:11','2020-11-20 15:33:11'),(17,'1366 x 768','Win32','pt-BR','Windows','Chrome','143.255.191.135','Mozilla/5.0 (Windows NT 10.0; Win64; x64) AppleWebKit/537.36 (KHTML, like Gecko) Chrome/86.0.4240.198 Safari/537.36',15,'2020-11-20 15:36:04','2020-11-20 15:36:04'),(18,'1280 x 768','Win32','pt-BR','Windows','Chrome','177.30.58.225','Mozilla/5.0 (Windows NT 6.1; Win64; x64) AppleWebKit/537.36 (KHTML, like Gecko) Chrome/86.0.4240.198 Safari/537.36',16,'2020-11-20 15:38:18','2020-11-20 15:38:18'),(19,'360 x 720','Linux armv7l','pt-BR','Android','Chrome','191.189.164.128','Mozilla/5.0 (Linux; Android 9; moto g(6)) AppleWebKit/537.36 (KHTML, like Gecko) Chrome/86.0.4240.198 Mobile Safari/537.36',17,'2020-11-20 15:41:21','2020-11-20 15:41:21'),(20,'360 x 720','Linux armv7l','pt-BR','Android','Chrome','191.189.164.128','Mozilla/5.0 (Linux; Android 9; moto g(6)) AppleWebKit/537.36 (KHTML, like Gecko) Chrome/86.0.4240.198 Mobile Safari/537.36',17,'2020-11-20 15:41:51','2020-11-20 15:41:51'),(21,'1366 x 768','Win32','pt-BR','Windows','Chrome','191.54.31.2','Mozilla/5.0 (Windows NT 10.0; Win64; x64) AppleWebKit/537.36 (KHTML, like Gecko) Chrome/87.0.4280.66 Safari/537.36',10,'2020-11-20 15:59:56','2020-11-20 15:59:56'),(22,'1366 x 768','Win32','pt-BR','Windows','Chrome','191.54.31.2','Mozilla/5.0 (Windows NT 10.0; Win64; x64) AppleWebKit/537.36 (KHTML, like Gecko) Chrome/87.0.4280.66 Safari/537.36',11,'2020-11-20 16:12:18','2020-11-20 16:12:18'),(23,'1440 x 900','MacIntel','en-ca','Unknown OS Platform','Safari','187.17.130.44','Mozilla/5.0 (Macintosh; Intel Mac OS X 10_15_6) AppleWebKit/605.1.15 (KHTML, like Gecko) Version/14.0.1 Safari/605.1.15',18,'2020-11-20 16:13:41','2020-11-20 16:13:41'),(24,'2560 x 1080','Linux x86_64','en-US','Linux','Firefox','45.6.230.70','Mozilla/5.0 (X11; Ubuntu; Linux x86_64; rv:82.0) Gecko/20100101 Firefox/82.0',4,'2020-11-20 16:21:24','2020-11-20 16:21:24'),(25,'1536 x 864','Win32','pt-BR','Windows','Chrome','179.185.138.34','Mozilla/5.0 (Windows NT 10.0; Win64; x64) AppleWebKit/537.36 (KHTML, like Gecko) Chrome/86.0.4240.198 Safari/537.36 Edg/86.0.622.69',19,'2020-11-20 16:33:44','2020-11-20 16:33:44'),(26,'1366 x 768','Win32','pt-BR','Windows','Chrome','191.54.31.2','Mozilla/5.0 (Windows NT 10.0; Win64; x64) AppleWebKit/537.36 (KHTML, like Gecko) Chrome/87.0.4280.66 Safari/537.36',11,'2020-11-20 16:34:09','2020-11-20 16:34:09'),(27,'1366 x 768','Win32','pt-BR','Windows','Chrome','191.54.31.2','Mozilla/5.0 (Windows NT 10.0; Win64; x64) AppleWebKit/537.36 (KHTML, like Gecko) Chrome/87.0.4280.66 Safari/537.36',11,'2020-11-20 16:36:56','2020-11-20 16:36:56'),(28,'1366 x 768','Win32','pt-BR','Windows','Chrome','191.54.31.2','Mozilla/5.0 (Windows NT 10.0; Win64; x64) AppleWebKit/537.36 (KHTML, like Gecko) Chrome/87.0.4280.66 Safari/537.36',11,'2020-11-20 16:40:11','2020-11-20 16:40:11'),(29,'1366 x 768','Win32','pt-BR','Windows','Chrome','191.54.31.2','Mozilla/5.0 (Windows NT 10.0; Win64; x64) AppleWebKit/537.36 (KHTML, like Gecko) Chrome/87.0.4280.66 Safari/537.36',11,'2020-11-20 16:41:35','2020-11-20 16:41:35'),(30,'1366 x 768','Win32','pt-BR','Windows','Chrome','201.4.184.31','Mozilla/5.0 (Windows NT 6.3; Win64; x64) AppleWebKit/537.36 (KHTML, like Gecko) Chrome/87.0.4280.66 Safari/537.36',20,'2020-11-20 16:45:11','2020-11-20 16:45:11'),(31,'360 x 780','Linux armv8l','pt-BR','Android','Chrome','177.79.121.49','Mozilla/5.0 (Linux; Android 10; SM-A307GT) AppleWebKit/537.36 (KHTML, like Gecko) Chrome/86.0.4240.198 Mobile Safari/537.36',21,'2020-11-20 16:46:27','2020-11-20 16:46:27'),(32,'1366 x 768','Win32','pt-BR','Windows','Chrome','191.54.31.2','Mozilla/5.0 (Windows NT 10.0; Win64; x64) AppleWebKit/537.36 (KHTML, like Gecko) Chrome/87.0.4280.66 Safari/537.36',11,'2020-11-20 16:49:29','2020-11-20 16:49:29'),(33,'1366 x 768','Win32','pt-BR','Windows','Opera','45.6.230.70','Mozilla/5.0 (Windows NT 10.0; Win64; x64) AppleWebKit/537.36 (KHTML, like Gecko) Chrome/86.0.4240.183 Safari/537.36 OPR/72.0.3815.320',4,'2020-11-20 16:54:05','2020-11-20 16:54:05'),(34,'1366 x 768','Win32','pt-BR','Windows','Opera','45.6.230.70','Mozilla/5.0 (Windows NT 10.0; Win64; x64) AppleWebKit/537.36 (KHTML, like Gecko) Chrome/86.0.4240.183 Safari/537.36 OPR/72.0.3815.320',4,'2020-11-20 17:09:49','2020-11-20 17:09:49'),(35,'375 x 667','iPhone','pt-BR','iPhone','Safari','177.25.225.100','Mozilla/5.0 (iPhone; CPU iPhone OS 12_4_8 like Mac OS X) AppleWebKit/605.1.15 (KHTML, like Gecko) Version/12.1.2 Mobile/15E148 Safari/604.1',4,'2020-11-20 17:20:55','2020-11-20 17:20:55'),(36,'414 x 896','iPhone','pt-br','iPhone','Safari','191.54.31.2','Mozilla/5.0 (iPhone; CPU iPhone OS 14_1 like Mac OS X) AppleWebKit/605.1.15 (KHTML, like Gecko) Version/14.0 Mobile/15E148 Safari/604.1',10,'2020-11-20 17:21:53','2020-11-20 17:21:53'),(37,'1440 x 900','MacIntel','en-ca','Unknown OS Platform','Safari','187.17.130.44','Mozilla/5.0 (Macintosh; Intel Mac OS X 10_15_6) AppleWebKit/605.1.15 (KHTML, like Gecko) Version/14.0.1 Safari/605.1.15',18,'2020-11-20 17:29:26','2020-11-20 17:29:26'),(38,'414 x 896','iPhone','pt-br','iPhone','Safari','179.126.245.222','Mozilla/5.0 (iPhone; CPU iPhone OS 14_1 like Mac OS X) AppleWebKit/605.1.15 (KHTML, like Gecko) Version/14.0 Mobile/15E148 Safari/604.1',10,'2020-11-20 17:47:23','2020-11-20 17:47:23'),(39,'1536 x 864','Win32','pt-BR','Windows','Chrome','179.185.138.34','Mozilla/5.0 (Windows NT 10.0; Win64; x64) AppleWebKit/537.36 (KHTML, like Gecko) Chrome/86.0.4240.198 Safari/537.36 Edg/86.0.622.69',19,'2020-11-20 17:54:08','2020-11-20 17:54:08'),(40,'1536 x 864','Win32','pt-BR','Windows','Chrome','179.185.138.34','Mozilla/5.0 (Windows NT 10.0; Win64; x64) AppleWebKit/537.36 (KHTML, like Gecko) Chrome/86.0.4240.198 Safari/537.36 Edg/86.0.622.69',19,'2020-11-20 17:54:18','2020-11-20 17:54:18'),(41,'1536 x 864','Win32','pt-PT','Windows','Chrome','177.79.117.93','Mozilla/5.0 (Windows NT 10.0; Win64; x64) AppleWebKit/537.36 (KHTML, like Gecko) Chrome/86.0.4240.198 Safari/537.36',21,'2020-11-20 18:10:37','2020-11-20 18:10:37'),(42,'1366 x 768','MacIntel','pt-BR','Unknown OS Platform','Chrome','177.136.34.234','Mozilla/5.0 (Macintosh; Intel Mac OS X 10_13_6) AppleWebKit/537.36 (KHTML, like Gecko) Chrome/86.0.4240.198 Safari/537.36',22,'2020-11-20 18:30:13','2020-11-20 18:30:13'),(43,'412 x 915','Linux armv8l','pt-BR','Android','Chrome','179.106.164.217','Mozilla/5.0 (Linux; Android 10; moto g(9) play) AppleWebKit/537.36 (KHTML, like Gecko) Chrome/86.0.4240.75 Mobile Safari/537.36',23,'2020-11-20 18:44:47','2020-11-20 18:44:47'),(44,'412 x 915','Linux armv8l','pt-BR','Android','Chrome','179.106.164.217','Mozilla/5.0 (Linux; Android 10; moto g(9) play) AppleWebKit/537.36 (KHTML, like Gecko) Chrome/86.0.4240.75 Mobile Safari/537.36',23,'2020-11-20 18:44:53','2020-11-20 18:44:53'),(45,'412 x 915','Linux armv8l','pt-BR','Android','Chrome','179.106.164.217','Mozilla/5.0 (Linux; Android 10; moto g(9) play) AppleWebKit/537.36 (KHTML, like Gecko) Chrome/86.0.4240.75 Mobile Safari/537.36',23,'2020-11-20 18:45:29','2020-11-20 18:45:29'),(46,'412 x 915','Linux armv8l','pt-BR','Android','Chrome','179.106.164.217','Mozilla/5.0 (Linux; Android 10; moto g(9) play) AppleWebKit/537.36 (KHTML, like Gecko) Chrome/86.0.4240.75 Mobile Safari/537.36',23,'2020-11-20 18:47:19','2020-11-20 18:47:19'),(47,'1366 x 768','Win32','pt-BR','Windows','Chrome','179.106.164.217','Mozilla/5.0 (Windows NT 6.3; Win64; x64) AppleWebKit/537.36 (KHTML, like Gecko) Chrome/86.0.4240.198 Safari/537.36',23,'2020-11-20 19:01:40','2020-11-20 19:01:40'),(48,'1366 x 768','Win32','pt-BR','Windows','Chrome','186.206.255.194','Mozilla/5.0 (Windows NT 10.0; Win64; x64) AppleWebKit/537.36 (KHTML, like Gecko) Chrome/87.0.4280.66 Safari/537.36',24,'2020-11-20 19:14:59','2020-11-20 19:14:59'),(49,'1366 x 768','Win32','pt-BR','Windows','Chrome','179.106.164.217','Mozilla/5.0 (Windows NT 6.3; Win64; x64) AppleWebKit/537.36 (KHTML, like Gecko) Chrome/86.0.4240.198 Safari/537.36',23,'2020-11-20 19:21:42','2020-11-20 19:21:42'),(50,'1366 x 768','Win32','pt-BR','Windows','Chrome','179.106.164.217','Mozilla/5.0 (Windows NT 6.3; Win64; x64) AppleWebKit/537.36 (KHTML, like Gecko) Chrome/86.0.4240.198 Safari/537.36',23,'2020-11-20 19:22:57','2020-11-20 19:22:57'),(51,'1366 x 768','Win32','pt-BR','Windows','Chrome','143.255.191.135','Mozilla/5.0 (Windows NT 10.0; Win64; x64) AppleWebKit/537.36 (KHTML, like Gecko) Chrome/86.0.4240.198 Safari/537.36',15,'2020-11-20 19:24:41','2020-11-20 19:24:41'),(52,'414 x 896','iPhone','pt-br','iPhone','Safari','191.54.31.2','Mozilla/5.0 (iPhone; CPU iPhone OS 14_1 like Mac OS X) AppleWebKit/605.1.15 (KHTML, like Gecko) Version/14.0 Mobile/15E148 Safari/604.1',10,'2020-11-20 19:48:53','2020-11-20 19:48:53'),(53,'1366 x 768','Win32','pt-BR','Windows','Chrome','191.54.31.2','Mozilla/5.0 (Windows NT 10.0; Win64; x64) AppleWebKit/537.36 (KHTML, like Gecko) Chrome/87.0.4280.66 Safari/537.36',11,'2020-11-20 19:49:33','2020-11-20 19:49:33'),(54,'1366 x 768','Win32','pt-BR','Windows','Chrome','191.54.31.2','Mozilla/5.0 (Windows NT 10.0; Win64; x64) AppleWebKit/537.36 (KHTML, like Gecko) Chrome/87.0.4280.66 Safari/537.36',10,'2020-11-20 19:49:54','2020-11-20 19:49:54'),(55,'1366 x 768','Win32','pt-BR','Windows','Chrome','201.4.184.31','Mozilla/5.0 (Windows NT 6.3; Win64; x64) AppleWebKit/537.36 (KHTML, like Gecko) Chrome/87.0.4280.66 Safari/537.36',20,'2020-11-20 19:58:35','2020-11-20 19:58:35'),(56,'1366 x 768','Win32','pt-BR','Windows','Chrome','186.206.255.194','Mozilla/5.0 (Windows NT 10.0; Win64; x64) AppleWebKit/537.36 (KHTML, like Gecko) Chrome/87.0.4280.66 Safari/537.36',24,'2020-11-20 20:08:10','2020-11-20 20:08:10'),(57,'1366 x 768','Win32','pt-BR','Windows','Chrome','191.54.31.2','Mozilla/5.0 (Windows NT 10.0; Win64; x64) AppleWebKit/537.36 (KHTML, like Gecko) Chrome/87.0.4280.66 Safari/537.36',10,'2020-11-20 20:08:48','2020-11-20 20:08:48'),(58,'1366 x 768','Win32','pt-BR','Windows','Chrome','191.54.31.2','Mozilla/5.0 (Windows NT 10.0; Win64; x64) AppleWebKit/537.36 (KHTML, like Gecko) Chrome/87.0.4280.66 Safari/537.36',11,'2020-11-20 20:08:56','2020-11-20 20:08:56'),(59,'1366 x 768','Win32','pt-BR','Windows','Chrome','186.206.255.194','Mozilla/5.0 (Windows NT 10.0; Win64; x64) AppleWebKit/537.36 (KHTML, like Gecko) Chrome/87.0.4280.66 Safari/537.36',24,'2020-11-20 20:18:58','2020-11-20 20:18:58'),(60,'414 x 896','iPhone','pt-br','iPhone','Safari','191.54.31.2','Mozilla/5.0 (iPhone; CPU iPhone OS 14_1 like Mac OS X) AppleWebKit/605.1.15 (KHTML, like Gecko) Version/14.0 Mobile/15E148 Safari/604.1',10,'2020-11-20 20:32:47','2020-11-20 20:32:47'),(61,'1366 x 768','Win32','pt-BR','Windows','Chrome','191.54.31.2','Mozilla/5.0 (Windows NT 10.0; Win64; x64) AppleWebKit/537.36 (KHTML, like Gecko) Chrome/87.0.4280.66 Safari/537.36',10,'2020-11-20 20:35:32','2020-11-20 20:35:32'),(62,'1440 x 900','MacIntel','en-ca','Unknown OS Platform','Safari','187.17.130.44','Mozilla/5.0 (Macintosh; Intel Mac OS X 10_15_6) AppleWebKit/605.1.15 (KHTML, like Gecko) Version/14.0.1 Safari/605.1.15',18,'2020-11-20 21:21:03','2020-11-20 21:21:03'),(63,'1366 x 768','Win32','pt-BR','Windows','Chrome','186.206.255.194','Mozilla/5.0 (Windows NT 10.0; Win64; x64) AppleWebKit/537.36 (KHTML, like Gecko) Chrome/87.0.4280.66 Safari/537.36',24,'2020-11-20 22:18:10','2020-11-20 22:18:10'),(64,'1920 x 1080','Win32','en-US','Windows','Chrome','168.121.157.24','Mozilla/5.0 (Windows NT 10.0; Win64; x64) AppleWebKit/537.36 (KHTML, like Gecko) Chrome/87.0.4280.66 Safari/537.36',25,'2020-11-20 22:23:57','2020-11-20 22:23:57'),(65,'1920 x 1080','Win32','en-US','Windows','Chrome','168.121.157.24','Mozilla/5.0 (Windows NT 10.0; Win64; x64) AppleWebKit/537.36 (KHTML, like Gecko) Chrome/87.0.4280.66 Safari/537.36',25,'2020-11-20 22:38:55','2020-11-20 22:38:55'),(66,'1920 x 1080','Win32','en-US','Windows','Chrome','168.121.157.24','Mozilla/5.0 (Windows NT 10.0; Win64; x64) AppleWebKit/537.36 (KHTML, like Gecko) Chrome/87.0.4280.66 Safari/537.36',25,'2020-11-20 22:38:59','2020-11-20 22:38:59'),(67,'1920 x 1080','Win32','en-US','Windows','Chrome','168.121.157.24','Mozilla/5.0 (Windows NT 10.0; Win64; x64) AppleWebKit/537.36 (KHTML, like Gecko) Chrome/87.0.4280.66 Safari/537.36',25,'2020-11-20 22:42:56','2020-11-20 22:42:56'),(68,'1920 x 1080','Win32','en-US','Windows','Chrome','168.121.157.24','Mozilla/5.0 (Windows NT 10.0; Win64; x64) AppleWebKit/537.36 (KHTML, like Gecko) Chrome/87.0.4280.66 Safari/537.36',25,'2020-11-20 22:46:12','2020-11-20 22:46:12'),(69,'414 x 896','iPhone','pt-br','iPhone','Safari','191.54.31.2','Mozilla/5.0 (iPhone; CPU iPhone OS 14_1 like Mac OS X) AppleWebKit/605.1.15 (KHTML, like Gecko) Version/14.0 Mobile/15E148 Safari/604.1',11,'2020-11-20 22:57:43','2020-11-20 22:57:43'),(70,'412 x 915','Linux armv8l','pt-BR','Android','Chrome','179.106.164.217','Mozilla/5.0 (Linux; Android 10; moto g(9) play) AppleWebKit/537.36 (KHTML, like Gecko) Chrome/86.0.4240.75 Mobile Safari/537.36',23,'2020-11-21 00:03:10','2020-11-21 00:03:10'),(71,'412 x 915','Linux armv8l','pt-BR','Android','Chrome','179.106.164.217','Mozilla/5.0 (Linux; Android 10; moto g(9) play) AppleWebKit/537.36 (KHTML, like Gecko) Chrome/86.0.4240.75 Mobile Safari/537.36',23,'2020-11-21 00:53:44','2020-11-21 00:53:44'),(72,'2560 x 1080','Linux x86_64','en-US','Linux','Chrome','45.6.230.70','Mozilla/5.0 (X11; Linux x86_64) AppleWebKit/537.36 (KHTML, like Gecko) Chrome/86.0.4240.198 Safari/537.36',4,'2020-11-21 01:45:53','2020-11-21 01:45:53'),(73,'2560 x 1080','Linux x86_64','en-US','Linux','Chrome','45.6.230.70','Mozilla/5.0 (X11; Linux x86_64) AppleWebKit/537.36 (KHTML, like Gecko) Chrome/86.0.4240.198 Safari/537.36',4,'2020-11-21 01:45:53','2020-11-21 01:45:53'),(74,'1920 x 1080','Win32','en-US','Windows','Chrome','168.121.157.24','Mozilla/5.0 (Windows NT 10.0; Win64; x64) AppleWebKit/537.36 (KHTML, like Gecko) Chrome/87.0.4280.66 Safari/537.36',25,'2020-11-21 02:56:01','2020-11-21 02:56:01'),(75,'1920 x 1080','Win32','en-US','Windows','Chrome','168.121.157.24','Mozilla/5.0 (Windows NT 10.0; Win64; x64) AppleWebKit/537.36 (KHTML, like Gecko) Chrome/87.0.4280.66 Safari/537.36',25,'2020-11-21 02:56:08','2020-11-21 02:56:08'),(76,'1920 x 1080','Win32','en-US','Windows','Chrome','168.121.157.24','Mozilla/5.0 (Windows NT 10.0; Win64; x64) AppleWebKit/537.36 (KHTML, like Gecko) Chrome/87.0.4280.66 Safari/537.36',25,'2020-11-21 02:56:09','2020-11-21 02:56:09'),(77,'1920 x 1080','Win32','en-US','Windows','Chrome','168.121.157.24','Mozilla/5.0 (Windows NT 10.0; Win64; x64) AppleWebKit/537.36 (KHTML, like Gecko) Chrome/87.0.4280.66 Safari/537.36',25,'2020-11-21 02:56:12','2020-11-21 02:56:12'),(78,'1920 x 1080','Win32','en-US','Windows','Chrome','168.121.157.24','Mozilla/5.0 (Windows NT 10.0; Win64; x64) AppleWebKit/537.36 (KHTML, like Gecko) Chrome/87.0.4280.66 Safari/537.36',25,'2020-11-21 02:58:57','2020-11-21 02:58:57'),(79,'1920 x 1080','Win32','en-US','Windows','Chrome','168.121.157.24','Mozilla/5.0 (Windows NT 10.0; Win64; x64) AppleWebKit/537.36 (KHTML, like Gecko) Chrome/87.0.4280.66 Safari/537.36',25,'2020-11-21 02:59:05','2020-11-21 02:59:05'),(80,'1920 x 1080','Win32','en-US','Windows','Chrome','168.121.157.24','Mozilla/5.0 (Windows NT 10.0; Win64; x64) AppleWebKit/537.36 (KHTML, like Gecko) Chrome/87.0.4280.66 Safari/537.36',25,'2020-11-21 02:59:05','2020-11-21 02:59:05'),(81,'1920 x 1080','Win32','en-US','Windows','Chrome','168.121.157.24','Mozilla/5.0 (Windows NT 10.0; Win64; x64) AppleWebKit/537.36 (KHTML, like Gecko) Chrome/87.0.4280.66 Safari/537.36',25,'2020-11-21 02:59:06','2020-11-21 02:59:06'),(82,'1920 x 1080','Win32','en-US','Windows','Chrome','168.121.157.24','Mozilla/5.0 (Windows NT 10.0; Win64; x64) AppleWebKit/537.36 (KHTML, like Gecko) Chrome/87.0.4280.66 Safari/537.36',25,'2020-11-21 02:59:11','2020-11-21 02:59:11'),(83,'1920 x 1080','Win32','en-US','Windows','Chrome','168.121.157.24','Mozilla/5.0 (Windows NT 10.0; Win64; x64) AppleWebKit/537.36 (KHTML, like Gecko) Chrome/87.0.4280.66 Safari/537.36',25,'2020-11-21 03:01:20','2020-11-21 03:01:20'),(84,'1920 x 1080','Win32','en-US','Windows','Chrome','168.121.157.24','Mozilla/5.0 (Windows NT 10.0; Win64; x64) AppleWebKit/537.36 (KHTML, like Gecko) Chrome/87.0.4280.66 Safari/537.36',25,'2020-11-21 03:01:24','2020-11-21 03:01:24'),(85,'1920 x 1080','Win32','en-US','Windows','Chrome','168.121.157.24','Mozilla/5.0 (Windows NT 10.0; Win64; x64) AppleWebKit/537.36 (KHTML, like Gecko) Chrome/87.0.4280.66 Safari/537.36',25,'2020-11-21 03:02:48','2020-11-21 03:02:48'),(86,'1920 x 1080','Win32','en-US','Windows','Chrome','168.121.157.24','Mozilla/5.0 (Windows NT 10.0; Win64; x64) AppleWebKit/537.36 (KHTML, like Gecko) Chrome/87.0.4280.66 Safari/537.36',25,'2020-11-21 03:02:48','2020-11-21 03:02:48'),(87,'1920 x 1080','Win32','en-US','Windows','Chrome','168.121.157.24','Mozilla/5.0 (Windows NT 10.0; Win64; x64) AppleWebKit/537.36 (KHTML, like Gecko) Chrome/87.0.4280.66 Safari/537.36',25,'2020-11-21 04:14:00','2020-11-21 04:14:00'),(88,'1920 x 1080','Win32','en-US','Windows','Chrome','168.121.157.24','Mozilla/5.0 (Windows NT 10.0; Win64; x64) AppleWebKit/537.36 (KHTML, like Gecko) Chrome/87.0.4280.66 Safari/537.36',25,'2020-11-21 04:14:06','2020-11-21 04:14:06'),(89,'1920 x 1080','Win32','en-US','Windows','Chrome','168.121.157.24','Mozilla/5.0 (Windows NT 10.0; Win64; x64) AppleWebKit/537.36 (KHTML, like Gecko) Chrome/87.0.4280.66 Safari/537.36',25,'2020-11-21 04:14:07','2020-11-21 04:14:07'),(90,'1920 x 1080','Win32','en-US','Windows','Chrome','168.121.157.24','Mozilla/5.0 (Windows NT 10.0; Win64; x64) AppleWebKit/537.36 (KHTML, like Gecko) Chrome/87.0.4280.66 Safari/537.36',25,'2020-11-21 05:39:58','2020-11-21 05:39:58'),(91,'1920 x 1080','Win32','en-US','Windows','Chrome','168.121.157.24','Mozilla/5.0 (Windows NT 10.0; Win64; x64) AppleWebKit/537.36 (KHTML, like Gecko) Chrome/87.0.4280.66 Safari/537.36',25,'2020-11-21 06:01:15','2020-11-21 06:01:15'),(92,'1920 x 1080','Win32','en-US','Windows','Chrome','168.121.157.24','Mozilla/5.0 (Windows NT 10.0; Win64; x64) AppleWebKit/537.36 (KHTML, like Gecko) Chrome/87.0.4280.66 Safari/537.36',25,'2020-11-21 06:52:35','2020-11-21 06:52:35'),(93,'1920 x 1080','Win32','en-US','Windows','Chrome','168.121.157.24','Mozilla/5.0 (Windows NT 10.0; Win64; x64) AppleWebKit/537.36 (KHTML, like Gecko) Chrome/87.0.4280.66 Safari/537.36',25,'2020-11-21 08:10:53','2020-11-21 08:10:53'),(94,'1366 x 768','MacIntel','pt-BR','Unknown OS Platform','Chrome','177.136.34.234','Mozilla/5.0 (Macintosh; Intel Mac OS X 10_13_6) AppleWebKit/537.36 (KHTML, like Gecko) Chrome/86.0.4240.198 Safari/537.36',22,'2020-11-21 12:39:44','2020-11-21 12:39:44'),(95,'1440 x 900','MacIntel','en-ca','Unknown OS Platform','Safari','187.17.130.44','Mozilla/5.0 (Macintosh; Intel Mac OS X 10_15_6) AppleWebKit/605.1.15 (KHTML, like Gecko) Version/14.0.1 Safari/605.1.15',18,'2020-11-21 12:40:49','2020-11-21 12:40:49'),(96,'1366 x 768','MacIntel','pt-BR','Unknown OS Platform','Chrome','177.136.34.234','Mozilla/5.0 (Macintosh; Intel Mac OS X 10_13_6) AppleWebKit/537.36 (KHTML, like Gecko) Chrome/86.0.4240.198 Safari/537.36',22,'2020-11-21 12:40:52','2020-11-21 12:40:52'),(97,'1366 x 768','Win32','pt-BR','Windows','Chrome','189.41.229.236','Mozilla/5.0 (Windows NT 10.0; Win64; x64) AppleWebKit/537.36 (KHTML, like Gecko) Chrome/87.0.4280.66 Safari/537.36',11,'2020-11-21 17:14:34','2020-11-21 17:14:34'),(98,'1366 x 768','Win32','pt-BR','Windows','Chrome','189.41.229.236','Mozilla/5.0 (Windows NT 10.0; Win64; x64) AppleWebKit/537.36 (KHTML, like Gecko) Chrome/87.0.4280.66 Safari/537.36',11,'2020-11-21 17:14:38','2020-11-21 17:14:38'),(99,'1920 x 1080','Win32','en-US','Windows','Chrome','168.121.157.28','Mozilla/5.0 (Windows NT 10.0; Win64; x64) AppleWebKit/537.36 (KHTML, like Gecko) Chrome/87.0.4280.66 Safari/537.36',25,'2020-11-21 22:25:21','2020-11-21 22:25:21'),(100,'1920 x 1080','Win32','en-US','Windows','Chrome','168.121.157.28','Mozilla/5.0 (Windows NT 10.0; Win64; x64) AppleWebKit/537.36 (KHTML, like Gecko) Chrome/87.0.4280.66 Safari/537.36',25,'2020-11-21 22:25:57','2020-11-21 22:25:57'),(101,'1920 x 1080','Win32','en-US','Windows','Chrome','168.121.157.28','Mozilla/5.0 (Windows NT 10.0; Win64; x64) AppleWebKit/537.36 (KHTML, like Gecko) Chrome/87.0.4280.66 Safari/537.36',25,'2020-11-21 22:25:57','2020-11-21 22:25:57'),(102,'1920 x 1080','Win32','en-US','Windows','Chrome','168.121.157.28','Mozilla/5.0 (Windows NT 10.0; Win64; x64) AppleWebKit/537.36 (KHTML, like Gecko) Chrome/87.0.4280.66 Safari/537.36',25,'2020-11-21 22:25:57','2020-11-21 22:25:57'),(103,'1920 x 1080','Win32','en-US','Windows','Chrome','168.121.157.28','Mozilla/5.0 (Windows NT 10.0; Win64; x64) AppleWebKit/537.36 (KHTML, like Gecko) Chrome/87.0.4280.66 Safari/537.36',25,'2020-11-21 22:25:57','2020-11-21 22:25:57'),(104,'1920 x 1080','Win32','en-US','Windows','Chrome','168.121.157.28','Mozilla/5.0 (Windows NT 10.0; Win64; x64) AppleWebKit/537.36 (KHTML, like Gecko) Chrome/87.0.4280.66 Safari/537.36',25,'2020-11-21 23:00:11','2020-11-21 23:00:11'),(105,'1920 x 1080','Win32','en-US','Windows','Chrome','168.121.157.28','Mozilla/5.0 (Windows NT 10.0; Win64; x64) AppleWebKit/537.36 (KHTML, like Gecko) Chrome/87.0.4280.66 Safari/537.36',25,'2020-11-22 05:14:57','2020-11-22 05:14:57'),(106,'1920 x 1080','Win32','en-US','Windows','Chrome','168.121.157.28','Mozilla/5.0 (Windows NT 10.0; Win64; x64) AppleWebKit/537.36 (KHTML, like Gecko) Chrome/87.0.4280.66 Safari/537.36',25,'2020-11-22 05:34:34','2020-11-22 05:34:34'),(107,'375 x 667','iPhone','pt-BR','iPhone','Safari','189.10.7.162','Mozilla/5.0 (iPhone; CPU iPhone OS 12_4_8 like Mac OS X) AppleWebKit/605.1.15 (KHTML, like Gecko) Version/12.1.2 Mobile/15E148 Safari/604.1',4,'2020-11-22 18:17:22','2020-11-22 18:17:22');
/*!40000 ALTER TABLE `usuario_log` ENABLE KEYS */;
UNLOCK TABLES;

--
-- Dumping routines for database 'waitingfor'
--
/*!40103 SET TIME_ZONE=@OLD_TIME_ZONE */;

/*!40101 SET SQL_MODE=@OLD_SQL_MODE */;
/*!40014 SET FOREIGN_KEY_CHECKS=@OLD_FOREIGN_KEY_CHECKS */;
/*!40014 SET UNIQUE_CHECKS=@OLD_UNIQUE_CHECKS */;
/*!40101 SET CHARACTER_SET_CLIENT=@OLD_CHARACTER_SET_CLIENT */;
/*!40101 SET CHARACTER_SET_RESULTS=@OLD_CHARACTER_SET_RESULTS */;
/*!40101 SET COLLATION_CONNECTION=@OLD_COLLATION_CONNECTION */;
/*!40111 SET SQL_NOTES=@OLD_SQL_NOTES */;

-- Dump completed on 2020-11-27 21:04:59
